pitches,player_id,player_name,game_date,game_pk,total_pitches,pitch_percent,ba,iso,babip,slg,woba,xwoba,xba,hits,abs,launch_speed,launch_angle,spin_rate,velocity,effective_speed,whiffs,swings,takes,eff_min_vel,release_extension,pos3_int_start_distance,pos4_int_start_distance,pos5_int_start_distance,pos6_int_start_distance,pos7_int_start_distance,pos8_int_start_distance,pos9_int_start_distance,pitcher_run_exp,run_exp,bat_speed,swing_length,pa,bip,singles,doubles,triples,hrs,so,k_percent,bb,bb_percent,api_break_z_with_gravity,api_break_z_induced,api_break_x_arm,api_break_x_batter_in,hyper_speed,bbdist,hardhit_percent,barrels_per_bbe_percent,barrels_per_pa_percent,release_pos_z,release_pos_x,plate_x,plate_z,obp,barrels_total,batter_run_value_per_100,xobp,xslg,pitcher_run_value_per_100,xbadiff,xobpdiff,xslgdiff,wobadiff,swing_miss_percent,arm_angle,hit_rate,barrel_rate,swing_rate,whiff_rate
8,686217,"Frelick, Sal",2025-05-16,777898,14,57.1,0.0,0.0,0.0,0.0,0.0,0.079,0.06,0,1,89.0,29.0,2337.0,92.8,93.74,0,4,4,0.9000000000000057,7.06,95,146,93,151,286,313,287,0.299,-0.299,74.1,7.1,1,1,0,0,0,0,0,0,0,0,1.69375,1.0025,0.68625,-0.68625,88.3,204.0,0.0,0.0,0,4.58,-2.4,0.41,2.75,0,0,-3.7375,0.06,0.129,3.7375,-0.06,-0.06,-0.129,-0.079,0.0,,0.0,0.0,0.5,0.0
8,677951,"Witt Jr., Bobby",2025-05-16,777901,20,40.0,0.0,0.0,0.0,0.0,0.0,0.661,0.697,0,1,114.8,4.0,2356.0,90.4,90.99,0,4,4,0.5999999999999943,6.59,90,142,116,139,314,327,295,0.205,-0.205,73.5,6.9,1,1,0,0,0,0,0,0,0,0,2.21875,0.595,-0.1925,-0.1925,94.7,165.0,100.0,0.0,0,6.09,-1.56,-0.19,2.06,0,0,-2.5625,0.697,0.798,2.5625,-0.697,-0.697,-0.798,-0.661,0.0,,0.0,0.0,0.5,0.0
7,694671,"Langford, Wyatt",2025-05-16,777895,16,43.8,0.0,0.0,0.0,0.0,0.0,1.067,0.526,0,1,101.6,34.0,2464.0,86.0,85.39,0,2,5,-0.5999999999999943,6.11,115,154,125,146,325,338,305,0.254,-0.254,70.6,7.4,1,1,0,0,0,0,0,0,0,0,2.86857,0.25857,-0.14571,-0.14571,94.8,196.0,100.0,100.0,100,4.99,-1.76,0.21,1.97,0,1,-3.628571429,0.526,2.058,3.628571429,-0.526,-0.526,-2.058,-1.067,0.0,,0.0,1.0,0.2857142857142857,0.0
7,678246,"Vargas, Miguel",2025-05-16,777900,18,38.9,1.0,3.0,,4.0,2.074,0.749,0.4,1,1,100.3,33.0,2665.0,88.7,88.16,1,4,3,-0.5,5.94,117,154,122,149,294,315,300,-1.591,1.591,66.5,7.0,1,1,0,0,0,1,0,0,0,0,2.64429,0.29714,-0.77857,-0.77857,92.1,230.0,100.0,100.0,100,6.08,-2.48,0.07,2.29,1,1,22.728571429,0.4,1.464,-22.728571429,0.6,0.6,2.536,1.325,25.0,,1.0,1.0,0.5714285714285714,0.25
7,553993,"Suárez, Eugenio",2025-05-16,777897,26,26.9,0.0,0.0,0.0,0.0,0.0,0.119,0.111,0,1,75.8,43.0,2179.0,88.9,90.81,0,3,4,1.8999999999999917,7.57,88,153,130,149,296,331,300,0.271,-0.271,76.4,7.9,1,1,0,0,0,0,0,0,0,0,1.82143,1.12857,0.74143,-0.74143,88.0,156.0,0.0,0.0,0,5.03,3.04,0.01,2.44,0,0,-3.871428571,0.111,0.156,3.871428571,-0.111,-0.111,-0.156,-0.119,0.0,,0.0,0.0,0.42857142857142855,0.0
7,668930,"Turang, Brice",2025-05-16,777898,19,36.8,1.0,0.0,1.0,1.0,0.891,0.705,0.734,1,1,104.8,9.0,2274.0,93.8,94.44,0,4,3,0.6000000000000085,6.9,128,147,108,152,290,323,294,-0.448,0.448,68.0,6.2,1,1,1,0,0,0,0,0,0,0,1.7,0.91429,1.09571,-1.09571,92.2,206.0,100.0,0.0,0,4.66,-2.32,-0.01,2.67,1,0,6.4,0.734,0.894,-6.4,0.266,0.266,0.106,0.186,0.0,,1.0,0.0,0.5714285714285714,0.0
7,670770,"Friedl, TJ",2025-05-16,777902,23,30.4,0.0,0.0,,0.0,0.0,0.0,,0,1,,,2323.0,91.4,92.06,0,2,5,0.6999999999999886,6.6,113,150,100,153,294,319,288,0.254,-0.254,69.1,6.3,1,0,0,0,0,0,1,100,0,0,2.11571,0.61857,0.35857,-0.35857,89.1,205.0,,,0,6.24,-2.43,-0.58,2.63,0,0,-3.628571429,,,3.628571429,,,,0.0,0.0,,0.0,0.0,0.2857142857142857,0.0
7,656941,"Schwarber, Kyle",2025-05-16,777905,24,29.2,0.0,0.0,0.0,0.0,0.0,0.206,0.229,0,1,53.9,31.0,2446.0,84.5,84.29,0,4,3,-0.2000000000000028,6.31,88,146,126,146,286,335,294,0.255,-0.255,80.1,7.6,1,1,0,0,0,0,0,0,0,0,2.92429,0.32571,0.63429,0.63429,88.0,83.0,0.0,0.0,0,4.89,2.91,-0.32,1.84,0,0,-3.642857143,0.229,0.253,3.642857143,-0.229,-0.229,-0.253,-0.206,0.0,,0.0,0.0,0.5714285714285714,0.0
7,656555,"Hoskins, Rhys",2025-05-16,777898,24,29.2,,,,,0.697,0.697,,0,0,,,2573.0,87.2,87.99,1,2,5,0.7999999999999972,7.07,126,153,120,146,300,318,288,-0.112,0.112,71.6,8.6,1,0,0,0,0,0,0,0,1,100,2.61857,0.47714,-0.36571,-0.36571,88.0,164.0,,,0,4.58,-2.44,1.29,2.27,1,0,1.6,1.0,,-1.6,,0.0,,0.0,50.0,,0.0,0.0,0.2857142857142857,0.5
7,592885,"Yelich, Christian",2025-05-16,777898,15,46.7,0.0,0.0,,0.0,0.0,0.0,,0,1,,,2231.0,91.1,91.94,1,5,2,0.8000000000000114,6.8,88,140,125,152,294,324,291,0.251,-0.251,75.5,7.3,1,0,0,0,0,0,1,100,0,0,2.00857,0.74857,0.82429,-0.82429,88.0,91.0,,,0,4.72,-2.44,0.62,2.18,0,0,-3.585714286,,,3.585714286,,,,0.0,20.0,,0.0,0.0,0.7142857142857143,0.2
6,547180,"Harper, Bryce",2025-05-16,777905,23,26.1,1.0,0.0,1.0,1.0,0.891,0.866,0.86,1,1,108.2,10.0,2488.0,84.8,84.5,2,4,2,-0.2999999999999971,6.23,115,145,121,152,283,332,295,-0.422,0.422,71.4,6.6,1,1,1,0,0,0,0,0,0,0,2.75667,0.47333,0.33,0.33,98.1,195.0,100.0,0.0,0,4.82,2.96,-0.05,2.51,1,0,7.033333333,0.86,1.12,-7.033333333,0.14,0.14,-0.12,0.025,50.0,,1.0,0.0,0.6666666666666666,0.5
6,663728,"Raleigh, Cal",2025-05-16,777896,20,30.0,0.0,0.0,0.0,0.0,0.0,0.234,0.257,0,1,92.3,-3.0,2157.0,90.4,90.35,0,4,2,0.0,6.4,125,142,115,150,287,325,304,0.316,-0.316,74.2,7.3,1,1,0,0,0,0,0,0,0,0,2.365,0.46,0.46,-0.46,89.1,136.0,0.0,0.0,0,5.22,-2.8,-0.23,2.86,0,0,-5.266666667,0.257,0.285,5.266666667,-0.257,-0.257,-0.285,-0.234,0.0,,0.0,0.0,0.6666666666666666,0.0
6,592450,"Judge, Aaron",2025-05-16,777904,23,26.1,0.0,0.0,,0.0,0.0,0.0,,0,1,,,2489.0,90.3,91.05,2,2,4,0.7999999999999972,7.12,87,150,122,146,312,333,289,0.241,-0.241,72.0,6.5,1,0,0,0,0,0,1,100,0,0,2.26,0.605,0.11167,0.11167,,,,,0,5.97,-2.62,0.54,2.14,0,0,-4.016666667,,,4.016666667,,,,0.0,100.0,,0.0,0.0,0.3333333333333333,1.0
6,592626,"Pederson, Joc",2025-05-16,777895,22,27.3,,,,,0.697,0.697,,0,0,,,2369.0,85.9,85.28,0,2,4,-0.6000000000000085,6.07,123,148,136,154,329,342,315,-0.337,0.337,76.8,8.6,1,0,0,0,0,0,0,0,1,100,2.90833,0.215,-0.00667,0.00667,101.8,119.0,,,0,4.98,-1.75,0.31,2.29,1,0,5.616666667,1.0,,-5.616666667,,0.0,,0.0,0.0,,0.0,0.0,0.3333333333333333,0.0
6,687263,"Neto, Zach",2025-05-16,777899,27,22.2,0.0,0.0,,0.0,0.0,0.0,,0,1,,,2836.0,90.1,90.13,1,1,5,0.0,6.53,111,154,127,148,307,312,290,0.254,-0.254,79.2,7.9,1,0,0,0,0,0,1,100,0,0,2.78667,0.06667,0.09333,0.09333,,,,,0,4.82,-2.31,0.5,1.36,0,0,-4.233333333,,,4.233333333,,,,0.0,100.0,,0.0,0.0,0.16666666666666666,1.0
6,682927,"Simon, Ronny",2025-05-16,777903,19,31.6,0.0,0.0,,0.0,0.0,0.0,,0,1,,,2480.0,91.4,91.05,1,3,3,-0.4000000000000057,6.25,86,148,105,147,296,322,305,0.286,-0.286,68.7,6.3,1,0,0,0,0,0,1,100,0,0,2.38833,0.4,0.285,-0.285,88.0,245.0,,,0,6.17,-1.53,0.07,2.21,0,0,-4.766666667,,,4.766666667,,,,0.0,33.3,,0.0,0.0,0.5,0.3333333333333333
6,664040,"Lowe, Brandon",2025-05-16,777903,21,28.6,0.0,0.0,,0.0,0.0,0.0,,0,1,,,,94.2,94.53,1,2,4,0.2999999999999971,6.43,123,147,129,154,300,323,310,0.256,-0.256,68.0,6.1,1,0,0,0,0,0,1,100,0,0,1.84667,0.72167,0.8,-0.8,88.0,169.0,,,0,5.67,-1.27,-0.09,3.04,0,0,-4.266666667,,,4.266666667,,,,0.0,50.0,,0.0,0.0,0.3333333333333333,0.5
6,668904,"Lewis, Royce",2025-05-16,777898,11,54.5,0.0,0.0,0.0,0.0,0.0,0.066,0.069,0,1,69.2,-13.0,2423.0,89.0,88.78,0,3,3,-0.2000000000000028,6.18,114,154,127,148,301,321,307,0.28,-0.28,74.2,8.6,1,1,0,0,0,0,0,0,0,0,1.97333,0.925,-0.12833,-0.12833,89.8,65.0,0.0,0.0,0,5.62,-1.44,0.29,3.14,0,0,-4.666666667,0.069,0.088,4.666666667,-0.069,-0.069,-0.088,-0.066,0.0,,0.0,0.0,0.5,0.0
6,681481,"Carpenter, Kerry",2025-05-16,777906,20,30.0,0.0,0.0,,0.0,0.0,0.0,,0,1,,,1815.0,87.1,87.48,2,4,2,0.4000000000000057,6.7,122,148,135,154,294,326,304,0.255,-0.255,64.1,7.5,1,0,0,0,0,0,1,100,0,0,2.125,0.95833,0.01333,-0.01333,91.2,120.0,,,0,5.98,-2.04,-0.13,2.59,0,0,-4.25,,,4.25,,,,0.0,50.0,,0.0,0.0,0.6666666666666666,0.5
6,621493,"Ward, Taylor",2025-05-16,777899,25,24.0,,,,,0.697,0.697,,0,0,,,2679.0,92.2,92.3,0,0,6,0.0999999999999943,6.63,112,154,127,147,309,321,294,-0.425,0.425,,,1,0,0,0,0,0,0,0,1,100,2.35833,0.37333,0.54333,0.54333,,,,,0,4.92,-2.19,0.77,2.01,1,0,7.083333333,1.0,,-7.083333333,,0.0,,0.0,,,0.0,0.0,0.0,0.0
6,572233,"Walker, Christian",2025-05-16,777895,20,30.0,1.0,0.0,1.0,1.0,0.891,0.558,0.591,1,1,110.0,1.0,2341.0,94.0,94.57,1,3,3,0.5999999999999943,6.85,88,155,124,148,304,329,296,-0.356,0.356,76.3,6.9,1,1,1,0,0,0,0,0,0,0,1.68167,0.92333,0.83167,0.83167,99.0,149.0,100.0,0.0,0,5.16,-2.57,1.0,2.3,1,0,5.933333333,0.591,0.665,-5.933333333,0.409,0.409,0.335,0.333,33.3,,1.0,0.0,0.5,0.3333333333333333
6,663757,"Grisham, Trent",2025-05-16,777904,25,24.0,,,,,0.697,0.697,,0,0,,,2151.0,93.9,94.58,0,0,6,0.6999999999999886,7.13,127,145,102,155,299,329,291,-0.451,0.451,,,1,0,0,0,0,0,0,0,1,100,1.535,1.09667,0.755,-0.755,,,,,0,5.96,-2.74,-0.4,2.53,1,0,7.516666667,1.0,,-7.516666667,,0.0,,0.0,,,0.0,0.0,0.0,0.0
6,457705,"McCutchen, Andrew",2025-05-16,777905,16,37.5,0.0,0.0,,0.0,0.0,0.0,,0,1,,,2020.0,90.6,90.23,0,1,5,-0.3999999999999915,6.2,113,151,122,147,296,315,276,0.256,-0.256,72.3,7.9,1,0,0,0,0,0,1,100,0,0,2.34667,0.445,0.96167,-0.96167,88.0,2.0,,,0,5.84,2.12,-0.02,2.22,0,0,-4.266666667,,,4.266666667,,,,0.0,0.0,,0.0,0.0,0.16666666666666666,0.0
6,662139,"Varsho, Daulton",2025-05-16,777906,22,27.3,0.0,0.0,,0.0,0.0,0.0,,0,1,,,2273.0,88.4,88.32,1,3,3,-0.1000000000000085,6.52,127,149,108,153,285,329,308,0.276,-0.276,73.6,7.8,1,0,0,0,0,0,1,100,0,0,2.31667,0.69667,0.00333,-0.00333,88.0,194.0,,,0,5.37,-2.65,-0.01,2.57,0,0,-4.6,,,4.6,,,,0.0,33.3,,0.0,0.0,0.5,0.3333333333333333
6,669743,"Call, Alex",2025-05-16,777907,19,31.6,0.0,0.0,0.0,0.0,0.0,0.411,0.214,0,1,100.4,38.0,2447.0,89.8,88.92,0,1,5,-0.8999999999999915,6.15,116,154,126,147,313,319,291,0.255,-0.255,70.1,7.1,1,1,0,0,0,0,0,0,0,0,1.855,1.06167,0.82833,-0.82833,100.4,328.0,100.0,0.0,0,5.87,2.06,0.56,2.61,0,0,-4.25,0.214,0.807,4.25,-0.214,-0.214,-0.807,-0.411,0.0,,0.0,0.0,0.16666666666666666,0.0
6,691176,"Domínguez, Jasson",2025-05-16,777904,21,28.6,0.0,0.0,,0.0,0.0,0.0,,0,1,,,2357.0,85.9,86.97,0,2,4,1.0999999999999943,7.18,128,147,121,155,299,331,287,0.28,-0.28,77.5,8.1,1,0,0,0,0,0,1,100,0,0,3.45667,-0.305,-0.1,0.1,88.0,102.0,,,0,5.91,-2.87,0.57,1.3,0,0,-4.666666667,,,4.666666667,,,,0.0,0.0,,0.0,0.0,0.3333333333333333,0.0
6,670623,"Paredes, Isaac",2025-05-16,777895,23,26.1,,,,,0.697,0.697,,0,0,,,1904.0,86.0,86.53,0,1,5,0.5,6.87,120,155,122,147,294,320,291,-0.336,0.336,64.6,8.2,1,0,0,0,0,0,0,0,1,100,3.24,-0.075,0.31167,0.31167,88.0,227.0,,,0,5.28,-2.6,0.34,1.89,1,0,5.6,1.0,,-5.6,,0.0,,0.0,0.0,,0.0,0.0,0.16666666666666666,0.0
6,624413,"Alonso, Pete",2025-05-16,777904,23,26.1,0.0,0.0,0.0,0.0,0.0,0.509,0.543,0,1,80.4,13.0,2131.0,90.1,89.42,1,2,4,-0.6999999999999886,6.02,106,149,129,150,305,329,287,0.258,-0.258,62.0,6.4,1,1,0,0,0,0,0,0,0,0,2.00333,0.83833,0.67,-0.67,88.0,144.0,0.0,0.0,0,6.44,2.38,0.51,3.16,0,0,-4.3,0.543,0.605,4.3,-0.543,-0.543,-0.605,-0.509,50.0,,0.0,0.0,0.3333333333333333,0.5
5,663624,"Mountcastle, Ryan",2025-05-16,777907,25,20.0,1.0,0.0,1.0,1.0,0.891,0.711,0.749,1,1,102.8,9.0,2242.0,90.3,90.52,0,4,1,0.2000000000000028,6.74,112,151,131,149,310,328,295,-0.422,0.422,77.7,7.8,1,1,1,0,0,0,0,0,0,0,2.048,0.812,0.642,-0.642,94.3,142.0,100.0,0.0,0,5.71,2.1,0.23,2.43,1,0,8.44,0.749,0.889,-8.44,0.251,0.251,0.111,0.18,0.0,,1.0,0.0,0.8,0.0
5,664034,"France, Ty",2025-05-16,777898,17,29.4,1.0,0.0,1.0,1.0,0.891,0.608,0.657,1,1,103.3,7.0,2366.0,90.3,89.88,0,3,2,-0.3999999999999915,6.2,87,145,111,146,302,328,291,-0.456,0.456,65.5,6.6,1,1,1,0,0,0,0,0,0,0,1.638,1.184,-0.006,-0.006,93.1,200.0,100.0,0.0,0,5.53,-1.44,0.68,2.42,1,0,9.12,0.657,0.733,-9.12,0.343,0.3429999999999999,0.267,0.283,0.0,,1.0,0.0,0.6,0.0
5,657656,"Laureano, Ramón",2025-05-16,777907,20,25.0,1.0,0.0,1.0,1.0,0.891,0.852,0.934,1,1,68.1,23.0,2226.0,90.4,90.76,0,3,2,0.3999999999999915,6.72,113,140,126,142,306,323,294,-0.479,0.479,62.3,6.2,1,1,1,0,0,0,0,0,0,0,2.084,0.76,0.598,-0.598,88.0,216.0,0.0,0.0,0,5.76,1.8,0.14,2.76,1,0,9.58,0.934,0.99,-9.58,0.066,0.0659999999999999,0.01,0.039,0.0,,1.0,0.0,0.6,0.0
5,624585,"Soler, Jorge",2025-05-16,777899,20,25.0,0.0,0.0,0.0,0.0,0.0,0.05,0.054,0,1,80.1,-22.0,2903.0,88.8,88.74,0,2,3,-0.0999999999999943,6.44,84,150,124,144,308,313,286,0.314,-0.314,75.1,7.2,1,1,0,0,0,0,0,0,0,0,2.958,-0.024,-0.158,-0.158,88.0,6.0,0.0,0.0,0,4.8,-2.32,0.05,2.33,0,0,-6.28,0.054,0.056,6.28,-0.054,-0.054,-0.056,-0.05,0.0,,0.0,0.0,0.4,0.0
5,682928,"Abrams, CJ",2025-05-16,777907,18,27.8,0.0,0.0,,0.0,0.0,0.0,,0,1,,,2358.0,90.1,89.12,0,1,4,-1.0,6.04,129,149,104,154,298,319,298,0.254,-0.254,68.3,6.7,1,0,0,0,0,0,1,100,0,0,1.756,1.112,0.888,0.888,88.0,240.0,,,0,5.85,2.01,-0.5,2.49,0,0,-5.08,,,5.08,,,,0.0,0.0,,0.0,0.0,0.2,0.0
5,660271,"Ohtani, Shohei",2025-05-16,777899,19,26.3,1.0,0.0,1.0,1.0,0.891,0.241,0.268,1,1,104.3,-13.0,2076.0,94.8,95.54,0,1,4,0.7000000000000028,6.58,122,146,136,154,303,317,308,-0.447,0.447,79.8,7.6,1,1,1,0,0,0,0,0,0,0,2.258,0.27,1.044,-1.044,104.3,9.0,100.0,0.0,0,5.72,-1.99,0.16,1.7,1,0,8.94,0.268,0.276,-8.94,0.732,0.732,0.724,0.65,0.0,,1.0,0.0,0.2,0.0
5,669720,"Hays, Austin",2025-05-16,777902,15,33.3,0.0,0.0,0.0,0.0,0.0,0.17,0.189,0,1,91.1,-10.0,2611.0,88.4,89.04,0,3,2,0.5999999999999943,6.54,88,151,129,147,295,323,299,0.27,-0.27,76.2,6.6,1,1,0,0,0,0,0,0,0,0,2.406,0.522,-0.592,-0.592,89.0,74.0,0.0,0.0,0,6.35,-2.28,0.27,2.72,0,0,-5.4,0.189,0.211,5.4,-0.189,-0.189,-0.211,-0.17,0.0,,0.0,0.0,0.6,0.0
5,665742,"Soto, Juan",2025-05-16,777904,29,17.2,,,,,0.697,0.697,,0,0,,,2327.0,93.9,93.08,0,0,5,-0.8000000000000114,6.0,126,146,118,154,297,333,290,-0.425,0.425,,,1,0,0,0,0,0,0,0,1,100,1.726,0.882,1.128,1.128,,,,,0,6.47,2.26,-0.58,1.01,1,0,8.5,1.0,,-8.5,,0.0,,0.0,,,0.0,0.0,0.0,0.0
5,608701,"Refsnyder, Rob",2025-05-16,777908,19,26.3,0.0,0.0,0.0,0.0,0.0,0.038,0.029,0,1,90.1,34.0,2374.0,84.1,84.44,0,2,3,0.3000000000000113,6.52,111,153,124,147,282,322,305,0.301,-0.301,71.5,7.0,1,1,0,0,0,0,0,0,0,0,3.322,-0.038,-0.362,0.362,89.0,287.0,0.0,0.0,0,4.75,3.09,0.08,2.02,0,0,-6.02,0.029,0.062,6.02,-0.029,-0.029,-0.062,-0.038,0.0,,0.0,0.0,0.4,0.0
5,691026,"Winn, Masyn",2025-05-16,777901,21,23.8,0.0,0.0,0.0,0.0,0.0,0.0,0.001,0,1,86.9,47.0,2411.0,91.1,90.78,1,2,3,-0.2999999999999971,6.08,112,153,114,150,312,325,282,0.255,-0.255,70.3,7.1,1,1,0,0,0,0,0,0,0,0,1.862,0.904,1.1525,-1.1525,88.0,272.0,0.0,0.0,0,6.27,1.29,-0.38,2.04,0,0,-5.1,0.001,0.001,5.1,-0.001,-0.001,-0.001,0.0,50.0,,0.0,0.0,0.4,0.5
5,690993,"Keith, Colt",2025-05-16,777906,13,38.5,0.0,0.0,,0.0,0.0,0.0,,0,1,,,2020.0,87.9,88.46,0,1,4,0.5999999999999943,6.76,124,148,142,154,281,324,303,0.256,-0.256,66.9,5.5,1,0,0,0,0,0,1,100,0,0,2.108,0.936,0.004,-0.004,,,,,0,5.96,-2.04,0.0,2.62,0,0,-5.12,,,5.12,,,,0.0,0.0,,0.0,0.0,0.2,0.0
5,673357,"Robert Jr., Luis",2025-05-16,777900,13,38.5,0.0,0.0,,0.0,0.0,0.0,,0,1,,,2595.0,88.7,88.34,2,2,3,-0.4000000000000057,5.94,99,150,118,150,297,323,306,0.269,-0.269,76.8,7.5,1,0,0,0,0,0,1,100,0,0,2.584,0.336,-0.558,-0.558,,,,,0,6.09,-2.51,0.17,1.63,0,0,-5.38,,,5.38,,,,0.0,100.0,,0.0,0.0,0.4,1.0
5,666969,"García, Adolis",2025-05-16,777895,11,45.5,0.0,0.0,0.0,0.0,0.0,0.004,0.003,0,1,82.3,74.0,2254.0,88.7,88.12,0,2,3,-0.6000000000000085,6.0,87,154,126,148,332,343,314,0.27,-0.27,79.2,8.0,1,1,0,0,0,0,0,0,0,0,2.574,0.344,0.444,0.444,88.0,88.0,0.0,0.0,0,4.97,-1.71,0.63,2.04,0,0,-5.4,0.003,0.005,5.4,-0.003,-0.003,-0.005,-0.004,0.0,,0.0,0.0,0.4,0.0
5,682663,"Ramírez, Agustín",2025-05-16,777903,21,23.8,1.0,1.0,1.0,2.0,1.269,0.883,0.914,1,1,101.4,13.0,2118.0,92.0,91.82,1,3,2,-0.2000000000000028,6.44,86,148,122,141,309,323,297,-0.734,0.734,72.4,7.4,1,1,0,1,0,0,0,0,0,0,1.806,0.916,0.238,0.238,97.1,130.0,100.0,0.0,0,6.09,-1.6,0.26,1.94,1,0,14.68,0.914,1.123,-14.68,0.086,0.0859999999999999,0.877,0.386,33.3,,1.0,0.0,0.6,0.3333333333333333
5,666182,"Bichette, Bo",2025-05-16,777906,18,27.8,1.0,1.0,1.0,2.0,1.269,0.665,0.717,1,1,103.2,8.0,2336.0,87.4,87.6,0,2,3,0.1999999999999886,6.56,120,153,126,151,315,328,290,-0.693,0.693,69.4,7.1,1,1,0,1,0,0,0,0,0,0,2.556,0.482,-0.196,-0.196,95.6,211.0,100.0,0.0,0,5.39,-2.52,1.02,1.48,1,0,13.86,0.717,0.803,-13.86,0.283,0.283,1.197,0.604,0.0,,1.0,0.0,0.4,0.0
5,602104,"Urías, Ramón",2025-05-16,777907,24,20.8,0.0,0.0,,0.0,0.0,0.0,,0,1,,,2210.0,88.2,88.92,1,1,4,0.7000000000000028,6.78,117,150,127,149,299,316,291,0.274,-0.274,72.3,7.1,1,0,0,0,0,0,1,100,0,0,2.816,0.168,0.272,-0.272,,,,,0,5.77,1.75,0.41,2.62,0,0,-5.48,,,5.48,,,,0.0,100.0,,0.0,0.0,0.2,1.0
5,666134,"Jones, Nolan",2025-05-16,777902,18,27.8,0.0,0.0,,0.0,0.0,0.0,,0,1,,,2365.0,90.1,91.12,2,2,3,1.0,6.92,126,149,124,153,292,326,296,0.257,-0.257,76.9,8.0,1,0,0,0,0,0,1,100,0,0,2.22,0.608,0.478,-0.478,,,,,0,5.37,-1.53,0.82,2.46,0,0,-5.14,,,5.14,,,,0.0,100.0,,0.0,0.0,0.4,1.0
5,641943,"Palacios, Joshua",2025-05-16,777900,17,29.4,1.0,0.0,1.0,1.0,0.891,0.184,0.204,1,1,103.6,-17.0,2642.0,91.3,90.9,0,1,4,-0.3999999999999915,5.98,129,149,111,154,298,317,301,-0.332,0.332,,,1,1,1,0,0,0,0,0,0,0,2.218,0.538,-0.174,0.174,103.6,8.0,100.0,0.0,0,6.1,-2.4,-0.29,2.31,1,0,6.64,0.204,0.215,-6.64,0.796,0.796,0.785,0.707,0.0,,1.0,0.0,0.2,0.0
5,665161,"Peña, Jeremy",2025-05-16,777895,18,27.8,0.0,0.0,,0.0,0.0,0.0,,0,1,,,1991.0,89.5,90.12,1,3,2,0.5999999999999943,6.84,120,155,113,148,296,324,296,0.254,-0.254,71.7,7.8,1,0,0,0,0,0,1,100,0,0,2.826,0.078,0.498,0.498,88.0,58.0,,,0,5.2,-2.62,0.74,1.77,0,0,-5.08,,,5.08,,,,0.0,33.3,,0.0,0.0,0.6,0.3333333333333333
5,805779,"Wilson, Jacob",2025-05-16,777891,10,50.0,0.0,0.0,,0.0,0.0,0.0,,0,1,,,2176.0,92.2,92.54,1,3,2,0.2999999999999971,6.84,111,153,125,149,301,317,278,0.254,-0.254,58.2,5.5,1,0,0,0,0,0,1,100,0,0,2.8,-0.078,0.912,0.912,88.0,2.0,,,0,5.22,-2.24,0.59,1.95,0,0,-5.08,,,5.08,,,,0.0,33.3,,0.0,0.0,0.6,0.3333333333333333
5,527038,"Flores, Wilmer",2025-05-16,777891,24,20.8,0.0,0.0,0.0,0.0,0.0,0.066,0.067,0,1,86.6,-17.0,2183.0,82.6,82.92,1,3,2,0.3000000000000113,6.4,113,155,123,146,296,321,291,0.256,-0.256,64.5,7.0,1,1,0,0,0,0,0,0,0,0,2.886,0.478,-0.28,0.28,88.0,21.0,0.0,0.0,0,4.98,1.31,-0.34,1.57,0,0,-5.12,0.067,0.071,5.12,-0.067,-0.067,-0.071,-0.066,33.3,,0.0,0.0,0.6,0.3333333333333333
5,660821,"Sánchez, Jesús",2025-05-16,777903,20,25.0,1.0,0.0,1.0,1.0,0.891,0.915,0.949,1,1,101.2,12.0,1966.0,92.6,92.58,1,3,2,0.0,6.38,119,147,117,152,307,330,311,-0.449,0.449,77.7,6.9,1,1,1,0,0,0,0,0,0,0,1.524,1.154,0.994,-0.994,101.2,267.0,100.0,0.0,0,6.18,-1.48,-0.14,2.79,1,0,8.98,0.949,1.161,-8.98,0.051,0.051,-0.161,-0.024,33.3,,1.0,0.0,0.6,0.3333333333333333
5,687597,"Beck, Jordan",2025-05-16,777897,17,29.4,0.0,0.0,0.0,0.0,0.0,0.0,0.001,0,1,72.9,85.0,2600.0,91.5,91.94,1,3,2,0.4000000000000057,6.64,109,154,121,149,313,327,300,0.254,-0.254,74.2,8.3,1,1,0,0,0,0,0,0,0,0,2.234,0.514,0.138,0.138,88.0,78.0,0.0,0.0,0,5.81,-0.78,-0.08,2.5,0,0,-5.08,0.001,0.001,5.08,-0.001,-0.001,-0.001,0.0,33.3,,0.0,0.0,0.6,0.3333333333333333
5,694384,"Schanuel, Nolan",2025-05-16,777899,21,23.8,,,,,0.697,0.697,,0,0,,,2410.0,94.8,95.5,0,0,5,0.7000000000000028,6.7,121,149,137,154,291,312,304,-0.425,0.425,,,1,0,0,0,0,0,0,0,1,100,1.962,0.57,1.524,-1.524,,,,,0,4.88,-2.22,-0.01,2.18,1,0,8.5,1.0,,-8.5,,0.0,,0.0,,,0.0,0.0,0.0,0.0
4,642201,"White, Eli",2025-05-16,777908,17,23.5,0.0,0.0,,0.0,0.0,0.0,,0,1,,,2498.0,95.9,96.5,3,3,1,0.5999999999999943,6.72,117,151,105,146,282,323,307,0.253,-0.253,77.3,7.6,1,0,0,0,0,0,1,100,0,0,1.0875,1.395,0.975,-0.975,,,,,0,6.08,2.63,0.46,2.81,0,0,-6.325,,,6.325,,,,0.0,100.0,,0.0,0.0,0.75,1.0
4,677594,"Rodríguez, Julio",2025-05-16,777896,16,25.0,1.0,0.0,1.0,1.0,0.891,0.337,0.366,1,1,71.4,-55.0,2292.0,89.0,88.6,0,2,2,-0.4000000000000057,6.38,88,146,133,143,307,330,293,-0.45,0.45,76.4,7.4,1,1,1,0,0,0,0,0,0,0,2.465,0.48,0.17,0.17,88.0,42.0,0.0,0.0,0,5.22,-2.84,-0.07,2.62,1,0,11.25,0.366,0.372,-11.25,0.634,0.634,0.628,0.554,0.0,,1.0,0.0,0.5,0.0
4,668939,"Rutschman, Adley",2025-05-16,777907,19,21.1,1.0,0.0,1.0,1.0,0.891,0.109,0.121,1,1,98.5,-20.0,2278.0,86.5,87.0,0,2,2,0.5,6.72,86,140,125,145,305,325,294,-0.405,0.405,66.1,6.4,1,1,1,0,0,0,0,0,0,0,3.2825,-0.1775,-0.065,0.065,93.2,130.0,100.0,0.0,0,5.82,1.81,0.23,2.19,1,0,10.125,0.121,0.132,-10.125,0.879,0.879,0.868,0.782,0.0,,1.0,0.0,0.5,0.0
4,678662,"Tovar, Ezequiel",2025-05-16,777897,13,30.8,0.0,0.0,,0.0,0.0,0.0,,0,1,,,2870.0,89.7,90.3,3,4,0,0.5999999999999943,6.72,112,153,107,150,313,325,296,0.256,-0.256,70.5,8.4,1,0,0,0,0,0,1,100,0,0,2.615,0.2375,-0.55,-0.55,88.0,93.0,,,0,5.83,-0.66,0.93,1.14,0,0,-6.4,,,6.4,,,,0.0,75.0,,0.0,0.0,1.0,0.75
4,701538,"Merrill, Jackson",2025-05-16,777896,18,22.2,0.0,0.0,0.0,0.0,0.0,0.0,0.001,0,1,86.7,45.0,2424.0,88.1,86.9,0,2,2,-1.1999999999999886,5.65,89,148,106,151,289,323,308,0.271,-0.271,72.4,7.9,1,1,0,0,0,0,0,0,0,0,2.645,0.325,0.17,-0.17,88.0,232.0,0.0,0.0,0,5.86,-2.32,-0.25,2.22,0,0,-6.775,0.001,0.001,6.775,-0.001,-0.001,-0.001,0.0,0.0,,0.0,0.0,0.5,0.0
4,695578,"Wood, James",2025-05-16,777907,15,26.7,0.0,0.0,,0.0,0.0,0.0,,0,1,,,2508.0,84.5,83.75,1,3,1,-0.7000000000000028,6.05,128,151,120,151,313,329,304,0.255,-0.255,58.0,7.4,1,0,0,0,0,0,1,100,0,0,3.0975,0.1625,-0.405,-0.405,93.9,160.0,,,0,5.83,2.03,-0.36,1.79,0,0,-6.375,,,6.375,,,,0.0,33.3,,0.0,0.0,0.75,0.3333333333333333
4,656811,"O'Hearn, Ryan",2025-05-16,777907,21,19.0,0.0,0.0,,0.0,0.0,0.0,,0,1,,,2134.0,88.7,88.83,2,2,2,0.0999999999999943,6.75,90,134,118,150,286,314,305,0.273,-0.273,68.5,7.4,1,0,0,0,0,0,1,100,0,0,2.4875,0.47,0.12,0.12,,,,,0,5.66,1.91,-0.23,2.84,0,0,-6.825,,,6.825,,,,0.0,100.0,,0.0,0.0,0.5,1.0
4,650402,"Torres, Gleyber",2025-05-16,777906,25,16.0,0.0,0.0,0.0,0.0,0.0,0.222,0.243,0,1,70.6,8.0,2252.0,85.4,85.92,0,2,2,0.5,6.8,109,155,123,147,296,329,295,0.255,-0.255,60.7,5.6,1,1,0,0,0,0,0,0,0,0,2.765,0.465,-0.135,-0.135,88.0,190.0,0.0,0.0,0,5.98,-1.97,0.05,2.62,0,0,-6.375,0.243,0.28,6.375,-0.243,-0.243,-0.28,-0.222,0.0,,0.0,0.0,0.5,0.0
4,663697,"India, Jonathan",2025-05-16,777901,8,50.0,1.0,0.0,1.0,1.0,0.891,0.906,0.983,1,1,86.0,16.0,2233.0,94.5,95.45,0,2,2,1.0,6.6,103,152,116,148,311,323,296,-0.449,0.449,74.3,7.3,1,1,1,0,0,0,0,0,0,0,1.31,1.22,0.505,0.505,88.0,266.0,0.0,0.0,0,6.02,-1.56,-0.4,2.65,1,0,11.225,0.983,1.088,-11.225,0.017,0.017,-0.088,-0.015,0.0,,1.0,0.0,0.5,0.0
4,683734,"Vaughn, Andrew",2025-05-16,777900,14,28.6,0.0,0.0,0.0,0.0,0.0,0.726,0.74,0,1,98.2,10.0,2642.0,89.5,89.0,0,2,2,-0.5,5.88,87,153,123,151,301,325,305,0.272,-0.272,67.4,7.4,1,1,0,0,0,0,0,0,0,0,2.4025,0.4725,-0.6925,-0.6925,93.1,159.0,100.0,0.0,0,6.11,-2.44,-0.02,2.69,0,0,-6.8,0.74,0.896,6.8,-0.74,-0.74,-0.896,-0.726,0.0,,0.0,0.0,0.5,0.0
4,542303,"Ozuna, Marcell",2025-05-16,777908,23,17.4,0.0,0.0,,0.0,0.0,0.0,,0,1,,,2394.0,93.5,94.35,1,2,2,0.7999999999999972,6.75,120,150,120,144,282,329,309,0.256,-0.256,66.9,8.1,1,0,0,0,0,0,1,100,0,0,1.85,0.7875,0.515,-0.515,88.0,166.0,,,0,6.02,2.7,0.36,2.28,0,0,-6.4,,,6.4,,,,0.0,50.0,,0.0,0.0,0.5,0.5
4,680776,"Duran, Jarren",2025-05-16,777908,20,20.0,,,,,0.697,0.697,,0,0,,,2368.0,96.6,97.28,0,0,4,0.7000000000000028,6.72,126,149,92,153,279,320,315,-0.451,0.451,,,1,0,0,0,0,0,0,0,1,100,1.935,0.515,1.3675,1.3675,,,,,0,4.74,3.1,0.3,2.89,1,0,11.275,1.0,,-11.275,,0.0,,0.0,,,0.0,0.0,0.0,0.0
4,669289,"Espinal, Santiago",2025-05-16,777902,10,40.0,0.0,0.0,0.0,0.0,0.0,0.026,0.029,0,1,52.4,48.0,2683.0,86.4,86.9,1,2,2,0.6000000000000085,6.65,112,153,115,147,299,313,298,0.255,-0.255,67.5,8.4,1,1,0,0,0,0,0,0,0,0,2.935,0.1625,-0.56,-0.56,88.0,134.0,0.0,0.0,0,6.28,-2.31,0.41,2.19,0,0,-6.375,0.029,0.029,6.375,-0.029,-0.029,-0.029,-0.026,50.0,,0.0,0.0,0.5,0.5
4,665489,"Guerrero Jr., Vladimir",2025-05-16,777906,14,28.6,0.0,0.0,,0.0,0.0,0.0,,0,1,,,2355.0,85.2,85.13,1,1,3,-0.1000000000000085,6.55,118,152,126,149,319,331,295,0.308,-0.308,57.5,8.6,1,0,0,0,0,0,1,100,0,0,3.05,0.2075,-0.2475,-0.2475,,,,,0,5.36,-2.54,0.65,1.37,0,0,-7.7,,,7.7,,,,0.0,100.0,,0.0,0.0,0.25,1.0
4,666139,"Lowe, Josh",2025-05-16,777903,19,21.1,0.0,0.0,,0.0,0.0,0.0,,0,1,,,,91.7,92.03,1,1,3,0.2999999999999971,6.4,122,147,127,153,299,324,305,0.256,-0.256,71.9,7.8,1,0,0,0,0,0,1,100,0,0,2.5525,0.16,-0.1875,0.1875,,,,,0,5.72,-1.31,0.2,2.79,0,0,-6.4,,,6.4,,,,0.0,100.0,,0.0,0.0,0.25,1.0
4,680757,"Kwan, Steven",2025-05-16,777902,16,25.0,0.0,0.0,0.0,0.0,0.0,1.181,0.626,0,1,101.3,28.0,2386.0,90.8,91.58,0,1,3,0.7999999999999972,6.9,125,149,121,153,281,320,295,0.254,-0.254,71.6,6.8,1,1,0,0,0,0,0,0,0,0,2.2325,0.5625,0.865,-0.865,101.3,377.0,100.0,100.0,100,5.36,-1.49,-0.48,2.86,0,1,-6.35,0.626,2.268,6.35,-0.626,-0.626,-2.268,-1.181,0.0,,0.0,1.0,0.25,0.0
4,682829,"De La Cruz, Elly",2025-05-16,777902,15,26.7,1.0,0.0,1.0,1.0,0.891,0.86,0.917,1,1,79.8,16.0,2235.0,92.0,92.67,0,2,2,0.7000000000000028,6.6,117,150,119,154,299,331,293,-0.332,0.332,75.2,7.3,1,1,1,0,0,0,0,0,0,0,1.655,1.065,0.5375,-0.5375,88.0,197.0,0.0,0.0,0,6.3,-2.21,-0.05,2.14,1,0,8.3,0.917,1.023,-8.3,0.083,0.0829999999999999,-0.023,0.031,0.0,,1.0,0.0,0.5,0.0
4,650490,"Díaz, Yandy",2025-05-16,777903,15,26.7,0.0,0.0,0.0,0.0,0.0,0.165,0.183,0,1,78.3,2.0,,94.1,94.47,0,1,3,0.4000000000000057,6.35,108,153,123,150,308,321,295,0.254,-0.254,72.7,7.1,1,1,0,0,0,0,0,0,0,0,2.105,0.4575,0.9125,0.9125,88.0,54.0,0.0,0.0,0,5.69,-1.5,-0.69,2.63,0,0,-6.35,0.183,0.203,6.35,-0.183,-0.183,-0.203,-0.165,0.0,,0.0,0.0,0.25,0.0
4,642136,"Thaiss, Matt",2025-05-16,777900,14,28.6,0.0,0.0,0.0,0.0,0.0,0.014,0.011,0,1,86.9,38.0,2417.0,93.5,93.05,0,1,3,-0.5,5.97,86,143,109,151,297,322,299,0.246,-0.246,74.5,7.4,1,1,0,0,0,0,0,0,0,0,1.4975,1.1175,0.2325,-0.2325,88.0,292.0,0.0,0.0,0,6.1,-2.57,-0.76,2.85,0,0,-6.15,0.011,0.024,6.15,-0.011,-0.011,-0.024,-0.014,0.0,,0.0,0.0,0.25,0.0
3,596019,"Lindor, Francisco",2025-05-16,777904,18,16.7,0.0,0.0,0.0,0.0,0.0,0.08,0.084,0,1,91.0,-23.0,2136.0,91.6,90.87,0,1,2,-0.6999999999999886,6.07,111,152,111,149,303,324,281,0.254,-0.254,64.1,8.9,1,1,0,0,0,0,0,0,0,0,1.67333,1.08333,0.96,-0.96,91.0,2.0,0.0,0.0,0,6.48,2.41,0.7,1.74,0,0,-8.466666667,0.084,0.095,8.466666667,-0.084,-0.084,-0.095,-0.08,0.0,,0.0,0.0,0.3333333333333333,0.0
3,663457,"Nootbaar, Lars",2025-05-16,777901,20,15.0,0.0,0.0,0.0,0.0,0.0,0.171,0.177,0,1,88.1,-9.0,2481.0,94.1,92.73,0,1,2,-1.3999999999999917,6.0,125,146,115,155,295,326,297,0.254,-0.254,77.3,6.9,1,1,0,0,0,0,0,0,0,0,1.17667,1.44667,1.39,1.39,88.1,17.0,0.0,0.0,0,6.37,1.59,0.21,2.74,0,0,-8.466666667,0.177,0.22,8.466666667,-0.177,-0.177,-0.22,-0.171,0.0,,0.0,0.0,0.3333333333333333,0.0
3,608070,"Ramírez, José",2025-05-16,777902,11,27.3,0.0,0.0,0.0,0.0,0.0,0.3,0.177,0,1,93.6,31.0,2379.0,88.6,89.87,0,2,1,1.3000000000000114,7.0,126,147,136,153,302,328,297,0.256,-0.256,73.5,6.9,1,1,0,0,0,0,0,0,0,0,2.66,0.25667,0.04333,-0.04333,98.5,177.0,0.0,0.0,0,5.31,-1.56,0.18,2.29,0,0,-8.533333333,0.177,0.551,8.533333333,-0.177,-0.177,-0.551,-0.3,0.0,,0.0,0.0,0.6666666666666666,0.0
3,686797,"Lee, Brooks",2025-05-16,777898,16,18.8,0.0,0.0,0.0,0.0,0.0,0.0,0.001,0,1,91.1,84.0,2350.0,89.8,89.4,1,2,1,-0.3999999999999915,6.13,86,135,105,151,299,331,295,0.243,-0.243,66.8,6.3,1,1,0,0,0,0,0,0,0,0,1.55,1.29,-0.11,0.11,91.1,27.0,0.0,0.0,0,5.48,-1.61,-0.45,3.22,0,0,-8.1,0.001,0.001,8.1,-0.001,-0.001,-0.001,0.0,50.0,,0.0,0.0,0.6666666666666666,0.5
3,673548,"Suzuki, Seiya",2025-05-16,777900,14,21.4,0.0,0.0,0.0,0.0,0.0,0.698,0.617,0,1,107.6,16.0,2300.0,94.9,95.2,0,1,2,0.2999999999999971,6.43,125,155,123,149,310,324,308,0.256,-0.256,73.5,6.7,1,1,0,0,0,0,0,0,0,0,1.56333,0.97667,0.40333,0.40333,107.6,327.0,100.0,100.0,100,5.76,-2.51,0.08,2.54,0,1,-8.533333333,0.617,1.062,8.533333333,-0.617,-0.617,-1.062,-0.698,0.0,,0.0,1.0,0.3333333333333333,0.0
3,696100,"Goodman, Hunter",2025-05-16,777897,21,14.3,1.0,0.0,1.0,1.0,0.891,0.617,0.646,1,1,93.8,9.0,2690.0,93.0,93.57,0,1,2,0.5999999999999943,6.73,110,152,123,149,311,327,296,-0.332,0.332,76.0,7.2,1,1,1,0,0,0,0,0,0,0,1.94,0.72,-0.00667,-0.00667,93.8,166.0,0.0,0.0,0,5.83,-0.68,-0.06,1.73,1,0,11.066666667,0.646,0.757,-11.066666667,0.354,0.354,0.243,0.274,0.0,,1.0,0.0,0.3333333333333333,0.0
3,646240,"Devers, Rafael",2025-05-16,777908,15,20.0,0.0,0.0,,0.0,0.0,0.0,,0,1,,,2283.0,91.6,92.07,2,2,1,0.5,6.67,100,148,132,149,273,321,317,0.296,-0.296,70.2,8.4,1,0,0,0,0,0,1,100,0,0,2.81,-0.07,0.66333,0.66333,88.0,166.0,,,0,4.56,3.14,-0.13,1.75,0,0,-9.866666667,,,9.866666667,,,,0.0,100.0,,0.0,0.0,0.6666666666666666,1.0
3,502671,"Goldschmidt, Paul",2025-05-16,777904,11,27.3,0.0,0.0,0.0,0.0,0.0,0.258,0.143,0,1,92.5,32.0,2240.0,94.6,95.73,0,1,2,1.1000000000000083,7.13,117,141,120,144,313,326,282,0.239,-0.239,76.0,7.2,1,1,0,0,0,0,0,0,0,0,1.9,0.67333,1.16333,1.16333,92.5,344.0,0.0,0.0,0,5.86,-2.82,-0.05,2.02,0,0,-7.966666667,0.143,0.483,7.966666667,-0.143,-0.143,-0.483,-0.258,0.0,,0.0,0.0,0.3333333333333333,0.0
3,680977,"Donovan, Brendan",2025-05-16,777901,18,16.7,0.0,0.0,0.0,0.0,0.0,0.072,0.08,0,1,54.5,45.0,2603.0,91.7,91.07,0,1,2,-0.6000000000000085,5.97,125,148,125,154,296,322,302,0.256,-0.256,61.4,5.9,1,1,0,0,0,0,0,0,0,0,1.85667,0.87667,0.85,0.85,88.0,156.0,0.0,0.0,0,6.3,1.73,0.23,2.49,0,0,-8.533333333,0.08,0.08,8.533333333,-0.08,-0.08,-0.08,-0.072,0.0,,0.0,0.0,0.3333333333333333,0.0
3,666971,"Gurriel Jr., Lourdes",2025-05-16,777897,19,15.8,0.0,0.0,0.0,0.0,0.0,0.01,0.011,0,1,83.1,47.0,2035.0,86.1,87.9,0,2,1,1.8000000000000114,7.63,88,147,128,142,298,333,301,0.255,-0.255,69.4,7.1,1,1,0,0,0,0,0,0,0,0,2.32333,0.88667,0.45,-0.45,88.0,196.0,0.0,0.0,0,5.1,2.93,0.05,2.66,0,0,-8.5,0.011,0.011,8.5,-0.011,-0.011,-0.011,-0.01,0.0,,0.0,0.0,0.6666666666666666,0.0
3,667670,"Rooker, Brent",2025-05-16,777891,12,25.0,0.0,0.0,0.0,0.0,0.0,0.249,0.277,0,1,102.6,-6.0,1750.0,90.1,90.8,0,1,2,0.7000000000000028,6.87,109,154,133,147,313,325,294,0.256,-0.256,75.1,7.0,1,1,0,0,0,0,0,0,0,0,3.18,-0.34667,0.93667,0.93667,102.6,14.0,100.0,0.0,0,5.1,-2.18,0.44,1.49,0,0,-8.533333333,0.277,0.3,8.533333333,-0.277,-0.277,-0.3,-0.249,0.0,,0.0,0.0,0.3333333333333333,0.0
3,680777,"Jeffers, Ryan",2025-05-16,777898,18,16.7,1.0,0.0,1.0,1.0,0.891,0.686,0.731,1,1,92.5,11.0,2296.0,89.4,88.8,0,1,2,-0.6000000000000085,6.1,87,147,125,146,310,329,308,-0.449,0.449,74.9,7.1,1,1,1,0,0,0,0,0,0,0,1.58333,1.29333,-0.08,-0.08,92.5,202.0,0.0,0.0,0,5.6,-2.29,0.61,2.63,1,0,14.966666667,0.731,0.836,-14.966666667,0.269,0.269,0.164,0.205,0.0,,1.0,0.0,0.3333333333333333,0.0
3,668227,"Arozarena, Randy",2025-05-16,777896,13,23.1,0.0,0.0,0.0,0.0,0.0,0.201,0.223,0,1,78.4,28.0,2341.0,90.8,90.57,0,1,2,-0.2000000000000028,6.43,122,152,134,150,306,332,295,0.272,-0.272,72.2,6.8,1,1,0,0,0,0,0,0,0,0,2.13667,0.68333,0.19,0.19,88.0,248.0,0.0,0.0,0,5.14,-2.78,0.18,2.35,0,0,-9.066666667,0.223,0.264,9.066666667,-0.223,-0.223,-0.264,-0.201,0.0,,0.0,0.0,0.3333333333333333,0.0
3,665487,"Tatis Jr., Fernando",2025-05-16,777896,19,15.8,0.0,0.0,0.0,0.0,0.0,0.16,0.178,0,1,109.0,-18.0,2180.0,93.3,92.27,0,1,2,-1.0,5.73,115,154,124,146,298,326,303,0.254,-0.254,74.4,7.0,1,1,0,0,0,0,0,0,0,0,2.09667,0.53667,0.89333,0.89333,109.0,7.0,100.0,0.0,0,6.04,-2.04,-0.48,3.02,0,0,-8.466666667,0.178,0.191,8.466666667,-0.178,-0.178,-0.191,-0.16,0.0,,0.0,0.0,0.3333333333333333,0.0
3,543807,"Springer, George",2025-05-16,777906,21,14.3,0.0,0.0,0.0,0.0,0.0,0.241,0.268,0,1,99.2,-5.0,2470.0,82.7,82.63,0,1,2,-0.1000000000000085,6.6,118,154,125,149,316,328,294,0.3,-0.3,69.6,7.1,1,1,0,0,0,0,0,0,0,0,3.59667,-0.19667,-0.86,-0.86,99.2,21.0,100.0,0.0,0,5.28,-2.56,0.99,1.21,0,0,-10.0,0.268,0.298,10.0,-0.268,-0.268,-0.298,-0.241,0.0,,0.0,0.0,0.3333333333333333,0.0
3,663586,"Riley, Austin",2025-05-16,777908,13,23.1,0.0,0.0,,0.0,0.0,0.0,,0,1,,,2465.0,92.1,92.9,2,2,1,0.8000000000000114,6.7,119,150,119,144,280,326,308,0.256,-0.256,73.3,7.8,1,0,0,0,0,0,1,100,0,0,1.81667,0.91667,0.10333,-0.10333,,,,,0,6.09,2.56,-0.23,2.88,0,0,-8.533333333,,,8.533333333,,,,0.0,100.0,,0.0,0.0,0.6666666666666666,1.0
3,592518,"Machado, Manny",2025-05-16,777896,17,17.6,0.0,0.0,0.0,0.0,0.0,0.006,0.006,0,1,91.3,46.0,2421.0,88.0,86.97,0,1,2,-1.0,5.73,89,152,120,143,296,323,303,0.255,-0.255,85.9,8.1,1,1,0,0,0,0,0,0,0,0,2.64333,0.31,-0.02,-0.02,91.3,275.0,0.0,0.0,0,6.12,-2.09,-0.33,3.67,0,0,-8.5,0.006,0.012,8.5,-0.006,-0.006,-0.012,-0.006,0.0,,0.0,0.0,0.3333333333333333,0.0
3,671218,"Ramos, Heliot",2025-05-16,777891,25,12.0,0.0,0.0,0.0,0.0,0.0,0.032,0.02,0,1,100.9,47.0,2009.0,91.7,91.73,0,1,2,0.0,6.3,114,155,103,145,298,323,292,0.254,-0.254,77.4,7.2,1,1,0,0,0,0,0,0,0,0,1.63333,1.07667,1.03333,-1.03333,100.9,317.0,100.0,0.0,0,5.21,1.24,0.77,2.48,0,0,-8.466666667,0.02,0.057,8.466666667,-0.02,-0.02,-0.057,-0.032,0.0,,0.0,0.0,0.3333333333333333,0.0
3,592206,"Castellanos, Nick",2025-05-16,777905,15,20.0,0.0,0.0,,0.0,0.0,0.0,,0,1,,,2557.0,80.6,80.07,2,3,0,-0.5,6.03,88,151,119,148,285,335,288,0.27,-0.27,69.0,8.4,1,0,0,0,0,0,1,100,0,0,3.76667,-0.16333,-0.08333,0.08333,88.0,239.0,,,0,5.27,2.74,-0.3,1.71,0,0,-9.0,,,9.0,,,,0.0,66.7,,0.0,0.0,1.0,0.6666666666666666
3,650489,"Castro, Willi",2025-05-16,777898,3,100.0,0.0,0.0,,0.0,0.0,0.0,,0,1,,,2349.0,92.1,91.63,1,2,1,-0.5,6.13,121,142,120,148,302,326,298,0.242,-0.242,70.0,6.7,1,0,0,0,0,0,1,100,0,0,1.50667,1.19667,0.36,-0.36,,,,,0,5.51,-1.54,0.26,2.89,0,0,-8.066666667,,,8.066666667,,,,0.0,50.0,,0.0,0.0,0.6666666666666666,0.5
3,641857,"McMahon, Ryan",2025-05-16,777897,14,21.4,0.0,0.0,0.0,0.0,0.0,1.149,0.743,0,1,104.1,22.0,2574.0,93.3,94.17,0,1,2,0.9000000000000057,6.7,88,150,117,154,303,329,303,0.271,-0.271,74.6,7.6,1,1,0,0,0,0,0,0,0,0,1.77333,0.84,0.18667,-0.18667,104.1,381.0,100.0,100.0,100,5.75,-0.79,-0.71,2.6,0,1,-9.033333333,0.743,2.018,9.033333333,-0.743,-0.743,-2.018,-1.149,0.0,,0.0,1.0,0.3333333333333333,0.0
3,669701,"Smith, Josh",2025-05-16,777895,10,30.0,0.0,0.0,0.0,0.0,0.0,0.244,0.271,0,1,99.5,-10.0,2579.0,84.8,83.93,0,1,2,-0.8999999999999915,5.93,124,147,86,154,299,326,301,0.255,-0.255,72.2,6.5,1,1,0,0,0,0,0,0,0,0,2.75667,0.46333,-0.56667,0.56667,99.5,9.0,100.0,0.0,0,4.97,-1.86,-0.17,2.25,0,0,-8.5,0.271,0.284,8.5,-0.271,-0.271,-0.284,-0.244,0.0,,0.0,0.0,0.3333333333333333,0.0
3,682998,"Carroll, Corbin",2025-05-16,777897,19,15.8,1.0,0.0,1.0,1.0,0.891,0.239,0.266,1,1,101.9,-16.0,2155.0,86.3,88.17,0,2,1,1.9000000000000057,7.5,123,148,111,152,291,338,309,-0.421,0.421,76.5,7.4,1,1,1,0,0,0,0,0,0,0,2.30667,0.86667,0.36667,0.36667,94.9,130.0,100.0,0.0,0,5.04,2.81,0.35,2.65,1,0,14.033333333,0.266,0.281,-14.033333333,0.734,0.734,0.719,0.652,0.0,,1.0,0.0,0.6666666666666666,0.0
3,668901,"Vientos, Mark",2025-05-16,777904,12,25.0,0.0,0.0,0.0,0.0,0.0,0.058,0.065,0,1,59.6,-8.0,2412.0,94.8,94.1,2,3,0,-0.7000000000000028,6.1,113,151,127,149,302,326,283,0.3,-0.3,73.8,8.0,1,1,0,0,0,0,0,0,0,0,1.12,1.43333,0.77,-0.77,88.0,21.0,0.0,0.0,0,6.49,2.26,0.19,2.86,0,0,-10.0,0.065,0.068,10.0,-0.065,-0.065,-0.068,-0.058,66.7,,0.0,0.0,1.0,0.6666666666666666
3,676572,"Wagaman, Eric",2025-05-16,777903,15,20.0,,,0.0,,0.0,0.112,,0,0,91.4,26.0,2023.0,92.2,92.07,1,2,1,-0.1000000000000085,6.4,110,148,106,140,312,324,296,0.138,-0.138,74.2,7.3,1,1,0,0,0,0,0,0,0,0,1.97,0.73,0.37,0.37,91.4,337.0,0.0,0.0,0,6.16,-1.57,0.76,1.8,0,0,-4.6,0.094,,4.6,,-0.094,,-0.112,50.0,,0.0,0.0,0.6666666666666666,0.5
2,665019,"Clemens, Kody",2025-05-16,777898,14,14.3,1.0,0.0,1.0,1.0,0.891,0.974,0.957,1,1,107.6,11.0,2230.0,91.8,91.6,0,1,1,-0.2000000000000028,6.15,128,149,123,151,297,325,297,-0.564,0.564,77.0,7.2,1,1,1,0,0,0,0,0,0,0,1.95,0.76,0.645,-0.645,107.6,225.0,100.0,0.0,0,5.61,-1.39,-0.11,2.15,1,0,28.2,0.957,1.287,-28.2,0.043,0.043,-0.287,-0.083,0.0,,1.0,0.0,0.5,0.0
2,650333,"Arraez, Luis",2025-05-16,777896,8,25.0,1.0,0.0,1.0,1.0,0.891,0.747,0.771,1,1,93.7,11.0,2054.0,94.6,93.25,0,2,0,-1.2000000000000028,5.75,124,148,101,152,277,317,303,-0.421,0.421,59.9,5.3,1,1,1,0,0,0,0,0,0,0,1.525,1.045,1.0,-1.0,91.9,203.0,0.0,0.0,0,5.96,-2.23,-0.59,2.79,1,0,21.05,0.771,0.915,-21.05,0.229,0.2289999999999999,0.085,0.144,0.0,,1.0,0.0,1.0,0.0
2,605141,"Betts, Mookie",2025-05-16,777899,14,14.3,0.0,0.0,0.0,0.0,0.0,0.128,0.14,0,1,100.8,-23.0,2020.0,95.5,96.1,0,1,1,0.5999999999999943,6.6,87,149,117,140,302,308,303,0.352,-0.352,69.4,6.8,1,1,0,0,0,0,0,0,0,0,2.21,0.285,1.39,1.39,100.8,4.0,100.0,0.0,0,5.75,-2.08,-0.11,1.66,0,0,-17.6,0.14,0.153,17.6,-0.14,-0.14,-0.153,-0.128,0.0,,0.0,0.0,0.5,0.0
2,669065,"Stowers, Kyle",2025-05-16,777903,18,11.1,,,,,0.728,0.728,,0,0,,,2209.0,97.4,96.85,1,1,1,-0.6000000000000085,6.25,105,120,94,119,304,325,306,-0.104,0.104,73.5,6.1,1,0,0,0,0,0,0,0,0,0,0.795,1.635,0.5,-0.5,88.0,,,,0,6.22,-1.54,0.59,3.68,1,0,5.2,1.0,,-5.2,,0.0,,0.0,100.0,,0.0,0.0,0.5,1.0
2,641355,"Bellinger, Cody",2025-05-16,777904,10,20.0,1.0,0.0,1.0,1.0,0.891,0.744,0.8,1,1,93.1,16.0,2435.0,96.4,96.85,0,1,1,0.3999999999999915,7.15,88,143,121,151,298,329,286,-0.406,0.406,63.5,7.1,1,1,1,0,0,0,0,0,0,0,0.945,1.56,0.395,-0.395,93.1,270.0,0.0,0.0,0,5.93,-2.79,0.11,2.64,1,0,20.3,0.8,0.951,-20.3,0.2,0.1999999999999999,0.049,0.147,0.0,,1.0,0.0,0.5,0.0
2,514888,"Altuve, Jose",2025-05-16,777895,23,8.7,0.0,0.0,0.0,0.0,0.0,0.004,0.003,0,1,88.4,42.0,1984.0,91.7,92.15,0,1,1,0.5,6.85,120,155,102,147,296,324,298,0.256,-0.256,71.7,8.0,1,1,0,0,0,0,0,0,0,0,2.625,0.115,0.525,0.525,88.4,296.0,0.0,0.0,0,5.15,-2.71,0.81,1.93,0,0,-12.8,0.003,0.006,12.8,-0.003,-0.003,-0.006,-0.004,0.0,,0.0,0.0,0.5,0.0
2,808982,"Lee, Jung Hoo",2025-05-16,777891,20,10.0,0.0,0.0,0.0,0.0,0.0,0.003,0.003,0,1,90.1,46.0,2315.0,80.1,80.35,0,1,1,0.2000000000000028,6.3,121,151,94,151,288,319,306,0.256,-0.256,69.6,7.6,1,1,0,0,0,0,0,0,0,0,2.92,0.625,-0.68,-0.68,90.1,263.0,0.0,0.0,0,4.88,1.3,0.06,2.77,0,0,-12.8,0.003,0.005,12.8,-0.003,-0.003,-0.005,-0.003,0.0,,0.0,0.0,0.5,0.0
2,521692,"Perez, Salvador",2025-05-16,777901,12,16.7,0.0,0.0,0.0,0.0,0.0,0.103,0.113,0,1,60.2,8.0,2256.0,95.7,96.35,0,1,1,0.5999999999999943,6.6,110,153,124,148,310,325,301,0.3,-0.3,72.4,7.2,1,1,0,0,0,0,0,0,0,0,1.36,1.12,0.435,0.435,88.0,73.0,0.0,0.0,0,6.15,-1.5,-0.93,2.92,0,0,-15.0,0.113,0.136,15.0,-0.113,-0.113,-0.136,-0.103,0.0,,0.0,0.0,0.5,0.0
2,805367,"Meidroth, Chase",2025-05-16,777900,12,16.7,1.0,0.0,1.0,1.0,0.891,0.655,0.714,1,1,72.2,30.0,2562.0,96.3,96.2,0,1,1,-0.0999999999999943,6.1,116,154,91,151,296,317,303,-0.448,0.448,74.1,7.3,1,1,1,0,0,0,0,0,0,0,1.235,1.215,-0.105,-0.105,88.0,257.0,0.0,0.0,0,6.13,-2.37,0.6,2.28,1,0,22.4,0.714,0.771,-22.4,0.286,0.286,0.229,0.236,0.0,,1.0,0.0,0.5,0.0
2,663656,"Tucker, Kyle",2025-05-16,777900,16,12.5,0.0,0.0,0.0,0.0,0.0,0.028,0.031,0,1,79.1,43.0,2348.0,97.2,97.55,0,1,1,0.3999999999999915,6.25,130,150,140,155,307,323,309,0.256,-0.256,76.4,7.3,1,1,0,0,0,0,0,0,0,0,1.075,1.315,0.46,-0.46,88.0,270.0,0.0,0.0,0,5.73,-2.42,-0.31,2.79,0,0,-12.8,0.031,0.04,12.8,-0.031,-0.031,-0.04,-0.028,0.0,,0.0,0.0,0.5,0.0
2,691718,"Crow-Armstrong, Pete",2025-05-16,777900,13,15.4,0.0,0.0,0.0,0.0,0.0,0.02,0.014,0,1,82.7,37.0,2280.0,93.1,92.75,0,1,1,-0.2000000000000028,6.25,128,150,93,154,305,316,308,0.254,-0.254,73.7,7.4,1,1,0,0,0,0,0,0,0,0,1.945,0.705,0.195,-0.195,88.0,276.0,0.0,0.0,0,5.84,-2.46,-0.2,2.23,0,0,-12.7,0.014,0.032,12.7,-0.014,-0.014,-0.032,-0.02,0.0,,0.0,0.0,0.5,0.0
2,643396,"Kiner-Falefa, Isiah",2025-05-16,777905,14,14.3,0.0,0.0,0.0,0.0,0.0,0.191,0.207,0,1,101.5,-18.0,1958.0,91.1,90.55,0,1,1,-0.5,6.25,113,150,112,149,296,309,277,0.254,-0.254,,,1,1,0,0,0,0,0,0,0,0,2.555,0.22,1.54,-1.54,101.5,6.0,100.0,0.0,0,5.78,2.19,-0.34,1.84,0,0,-12.7,0.207,0.223,12.7,-0.207,-0.207,-0.223,-0.191,0.0,,0.0,0.0,0.5,0.0
2,607208,"Turner, Trea",2025-05-16,777905,14,14.3,0.0,0.0,0.0,0.0,0.0,0.01,0.011,0,1,88.8,34.0,2337.0,86.5,86.15,0,2,0,-0.2999999999999971,6.3,106,151,108,149,283,332,288,0.254,-0.254,75.3,8.2,1,1,0,0,0,0,0,0,0,0,2.285,0.8,1.35,-1.35,97.4,363.0,0.0,0.0,0,4.99,2.78,-0.63,1.64,0,0,-12.7,0.011,0.021,12.7,-0.011,-0.011,-0.021,-0.01,0.0,,0.0,0.0,1.0,0.0
2,605170,"Caratini, Victor",2025-05-16,777895,14,14.3,0.0,0.0,0.0,0.0,0.0,0.153,0.17,0,1,54.8,-46.0,1817.0,90.1,91.25,0,1,1,1.2000000000000028,7.1,130,150,106,153,290,329,296,0.28,-0.28,65.0,6.0,1,1,0,0,0,0,0,0,0,0,2.485,0.335,0.535,-0.535,88.0,3.0,0.0,0.0,0,5.26,-2.58,0.27,2.63,0,0,-14.0,0.17,0.17,14.0,-0.17,-0.17,-0.17,-0.153,0.0,,0.0,0.0,0.5,0.0
2,663616,"Larnach, Trevor",2025-05-16,777898,17,11.8,,,,,0.728,0.728,,0,0,,,2389.0,91.3,90.6,1,1,1,-0.7000000000000028,6.1,128,150,135,154,302,329,298,-0.451,0.451,77.2,6.9,1,0,0,0,0,0,0,0,0,0,1.505,1.265,-0.16,0.16,,,,,0,5.64,-2.06,0.58,3.49,1,0,22.55,1.0,,-22.55,,0.0,,0.0,100.0,,0.0,0.0,0.5,1.0
1,683002,"Henderson, Gunnar",2025-05-16,777907,24,4.2,0.0,0.0,0.0,0.0,0.0,0.62,0.651,0,1,100.9,8.0,2250.0,94.3,94.3,0,1,0,0.0,6.6,129,146,117,154,291,321,304,0.254,-0.254,71.5,6.4,1,1,0,0,0,0,0,0,0,0,1.16,1.43,0.85,0.85,100.9,153.0,100.0,0.0,0,5.69,2.34,0.42,3.5,0,0,-25.4,0.651,0.77,25.4,-0.651,-0.651,-0.77,-0.62,0.0,,0.0,0.0,1.0,0.0
1,518692,"Freeman, Freddie",2025-05-16,777899,15,6.7,0.0,0.0,0.0,0.0,0.0,0.113,0.124,0,1,97.9,-22.0,2017.0,96.2,96.7,0,1,0,0.5,6.6,87,140,111,148,299,317,308,0.314,-0.314,72.9,7.1,1,1,0,0,0,0,0,0,0,0,2.23,0.23,1.43,-1.43,97.9,3.0,100.0,0.0,0,5.76,-1.97,0.06,1.11,0,0,-31.4,0.124,0.129,31.4,-0.124,-0.124,-0.129,-0.113,0.0,,0.0,0.0,1.0,0.0
1,663698,"Bart, Joey",2025-05-16,777905,11,9.1,0.0,0.0,0.0,0.0,0.0,0.199,0.163,0,1,94.2,23.0,1298.0,82.4,82.3,0,1,0,-0.1000000000000085,6.3,115,152,120,148,296,316,281,0.256,-0.256,72.0,8.1,1,1,0,0,0,0,0,0,0,0,2.84,0.53,1.04,-1.04,94.2,309.0,0.0,0.0,0,5.83,1.98,0.13,1.57,0,0,-25.6,0.163,0.317,25.6,-0.163,-0.163,-0.317,-0.199,0.0,,0.0,0.0,1.0,0.0
1,608324,"Bregman, Alex",2025-05-16,777908,14,7.1,0.0,0.0,0.0,0.0,0.0,0.333,0.364,0,1,95.3,1.0,2405.0,80.7,81.1,0,1,0,0.3999999999999915,6.6,108,147,124,148,285,322,306,0.259,-0.259,71.0,7.9,1,1,0,0,0,0,0,0,0,0,3.83,-0.33,-0.69,0.69,95.3,47.0,100.0,0.0,0,4.67,3.15,0.22,1.93,0,0,-25.9,0.364,0.414,25.9,-0.364,-0.364,-0.414,-0.333,0.0,,0.0,0.0,1.0,0.0
1,606466,"Marte, Ketel",2025-05-16,777897,13,7.7,0.0,0.0,0.0,0.0,0.0,0.693,0.609,0,1,105.0,16.0,2097.0,91.2,93.8,0,1,0,2.5999999999999943,7.7,122,153,130,148,300,339,300,0.254,-0.254,85.3,8.9,1,1,0,0,0,0,0,0,0,0,1.3,1.43,1.27,-1.27,105.0,330.0,100.0,0.0,0,4.83,2.89,0.79,2.07,0,0,-25.4,0.609,1.048,25.4,-0.609,-0.609,-1.048,-0.693,0.0,,0.0,0.0,1.0,0.0
1,681393,"Norby, Connor",2025-05-16,777903,21,4.8,0.0,0.0,0.0,0.0,0.0,0.124,0.131,0,1,86.2,-7.0,1663.0,91.4,91.2,0,1,0,-0.2000000000000028,6.5,104,153,108,143,310,323,293,0.234,-0.234,73.2,6.7,1,1,0,0,0,0,0,0,0,0,1.74,1.02,1.02,1.02,88.0,19.0,0.0,0.0,0,6.12,-1.6,-0.03,2.94,0,0,-23.4,0.131,0.153,23.4,-0.131,-0.131,-0.153,-0.124,0.0,,0.0,0.0,1.0,0.0
1,661388,"Contreras, William",2025-05-16,777898,12,8.3,0.0,0.0,0.0,0.0,0.0,0.188,0.151,0,1,93.4,24.0,2127.0,93.4,94.4,0,1,0,1.0,7.0,88,147,117,147,300,318,284,0.246,-0.246,74.4,7.0,1,1,0,0,0,0,0,0,0,0,1.94,0.69,1.38,1.38,93.4,343.0,0.0,0.0,0,4.61,-2.43,-0.54,2.58,0,0,-24.6,0.151,0.298,24.6,-0.151,-0.151,-0.298,-0.188,0.0,,0.0,0.0,1.0,0.0
1,593871,"Polanco, Jorge",2025-05-16,777896,10,10.0,1.0,0.0,1.0,1.0,0.891,0.627,0.674,1,1,104.8,8.0,2180.0,94.9,94.5,0,1,0,-0.4000000000000057,6.5,132,148,108,155,296,328,302,-0.448,0.448,71.4,6.5,1,1,1,0,0,0,0,0,0,0,2.23,0.35,1.28,-1.28,104.8,179.0,100.0,0.0,0,5.32,-2.76,-0.46,2.27,1,0,44.8,0.674,0.757,-44.8,0.326,0.3259999999999999,0.243,0.264,0.0,,1.0,0.0,1.0,0.0
1,686469,"Pasquantino, Vinnie",2025-05-16,777901,18,5.6,0.0,0.0,0.0,0.0,0.0,0.372,0.4,0,1,100.5,-1.0,2363.0,95.5,96.3,0,1,0,0.7999999999999972,6.6,122,146,115,145,298,329,305,0.259,-0.259,69.8,6.0,1,1,0,0,0,0,0,0,0,0,1.62,0.86,0.46,-0.46,100.5,52.0,100.0,0.0,0,6.16,-1.38,-0.35,2.99,0,0,-25.9,0.4,0.44,25.9,-0.4,-0.4,-0.44,-0.372,0.0,,0.0,0.0,1.0,0.0
1,691016,"Soderstrom, Tyler",2025-05-16,777891,10,10.0,0.0,0.0,0.0,0.0,0.0,0.114,0.118,0,1,84.9,-7.0,2071.0,94.1,94.3,0,1,0,0.2000000000000028,6.7,121,148,113,152,297,324,309,0.256,-0.256,74.4,7.4,1,1,0,0,0,0,0,0,0,0,2.34,0.27,1.37,-1.37,88.0,14.0,0.0,0.0,0,5.18,-2.43,-0.63,1.95,0,0,-25.6,0.118,0.146,25.6,-0.118,-0.118,-0.146,-0.114,0.0,,0.0,0.0,1.0,0.0
1,641487,"Crawford, J.P.",2025-05-16,777896,16,6.3,1.0,3.0,,4.0,2.074,0.749,0.4,1,1,100.3,33.0,2255.0,93.8,93.5,0,1,0,-0.2999999999999971,6.4,131,149,98,155,277,313,296,-1.114,1.114,78.1,7.9,1,1,0,0,0,1,0,0,0,0,1.37,1.25,0.86,-0.86,100.3,357.0,100.0,100.0,100,5.42,-2.73,0.51,1.91,1,1,111.4,0.4,1.464,-111.4,0.6,0.6,2.536,1.325,0.0,,1.0,1.0,1.0,0.0
1,660162,"Moncada, Yoán",2025-05-16,777899,15,6.7,1.0,3.0,,4.0,2.074,1.808,0.974,1,1,111.9,21.0,2395.0,94.0,94.4,0,1,0,0.4000000000000057,6.6,84,146,120,151,300,321,303,-1.436,1.436,75.4,7.0,1,1,0,0,0,1,0,0,0,0,2.12,0.46,1.66,-1.66,111.9,383.0,100.0,100.0,100,4.85,-2.27,-0.24,2.38,1,1,143.6,0.974,3.462,-143.6,0.026,0.026,0.538,0.266,0.0,,1.0,1.0,1.0,0.0
